{"_timestamp":1.739294188584642e+09,"_runtime":55.01897655,"_step":99,"_wandb":{"runtime":55},"reward":[7.23153018951416,-1.7148488759994507,-5.986109256744385,0.5124368071556091,-2.1953125,7.437707901000977,-5.060673236846924,11.91879653930664,1.7248263359069824,-3.4542953968048096,5.975935459136963,13.277937889099121,-4.297703742980957,8.928154945373535,8.775588035583496,-0.24284780025482178,2.5994749069213867,-4.5506591796875,0.7125358581542969,4.133634567260742,-5.743145942687988,-1.006261944770813,3.5524749755859375,10.112181663513184,0.8018053770065308,1.436820387840271,8.130303382873535,3.042151927947998,-2.172301769256592,-3.449023485183716,1.2218358516693115,-2.7034358978271484,-1.5695083141326904,8.66356372833252,10.662778854370117,11.11596965789795,16.569250106811523,0.3957100510597229,-3.219576358795166,-5.897690773010254,11.920798301696777,16.948816299438477,-5.433852195739746,1.8285061120986938,4.085017681121826,13.374077796936035,-2.646735668182373,-4.637620449066162,13.788165092468262,8.171174049377441,1.1187529563903809,-11.172355651855469,-3.9772515296936035,21.485673904418945,6.490036964416504,-0.17722278833389282,8.269627571105957,2.854940891265869,-6.163916110992432,4.127744674682617,1.3232474327087402,1.234093189239502,6.613569736480713,2.5753488540649414,5.206687927246094,3.1866581439971924,-6.308115482330322,5.803140163421631,-4.437563896179199,11.974706649780273,-3.4334096908569336,3.870905637741089,2.924351215362549,-1.8826842308044434,-1.2760964632034302,-0.11905699968338013,-3.6704792976379395,0.37900447845458984,5.6585307121276855,7.036300182342529,-7.203733921051025,2.09989595413208,-0.2765459418296814,-2.774930953979492,20.172271728515625,10.026525497436523,-8.809578895568848,10.282220840454102,-0.0533597469329834,7.157839775085449,1.939104676246643,-1.5565154552459717,8.447731018066406,4.518448352813721,6.4523162841796875,3.150458812713623,-6.963171005249023,4.001606464385986,-4.711141109466553,2.3239848613739014,-2.031508445739746,7.7324419021606445,10.677781105041504,-4.317455291748047,-0.4327429533004761,3.836315393447876,13.88280963897705,3.4508087635040283,5.214078903198242,7.535097599029541,-2.2153255939483643,-3.468724250793457,7.920973777770996,12.34087085723877,-5.229008674621582,0.42621850967407227,2.8495121002197266,2.175787925720215,-2.5425543785095215,5.631771564483643,-3.4656553268432617,13.73486614227295,6.841667175292969,0.7935720086097717,-4.037468433380127,-2.541710376739502,3.305678606033325,0.9458781480789185,-3.7954516410827637,7.383713722229004,10.004449844360352,9.46597671508789,2.525416374206543,-2.6510603427886963,4.297736644744873,-5.134659290313721,13.671857833862305,13.000469207763672,2.389173746109009,2.5724925994873047,7.0362548828125,16.40018653869629,4.759234428405762,2.5225989818573,-1.363710641860962,-3.283486843109131,-2.736797571182251,-4.674370765686035,0.27710020542144775,5.555723190307617,7.473651885986328,7.460546493530273,3.594285011291504,8.96121597290039,10.693486213684082,2.1183905601501465,0.0062493085861206055,0.8673869371414185,5.108158111572266,7.391763210296631,7.517578601837158,-6.899201393127441,0.8964099884033203,19.49016761779785,-2.1672744750976562,4.356832504272461,1.858100414276123,3.041618824005127,24.09880828857422,0.05415058135986328,4.369729995727539,-2.535909414291382,3.67471981048584,14.658623695373535,-3.0169525146484375,5.665617942810059,10.535841941833496,-3.150740623474121,2.969613552093506,-1.160717487335205,-1.4450597763061523,-0.09668415784835815,2.0147945880889893,8.039644241333008,-4.9316816329956055,4.552787780761719,-1.2119932174682617,0.6750168204307556,1.8108165264129639,-8.910882949829102,-4.988353729248047,-2.1261258125305176,30.404735565185547,1.4453120231628418,11.742670059204102,-3.0259220600128174,5.698553562164307,-1.3381363153457642,11.983702659606934,0.5237997770309448,4.615962982177734,-1.8530367612838745,4.61770486831665,1.2208151817321777,-4.731490135192871,14.187562942504883,2.1381936073303223,8.943674087524414,-2.3485608100891113,1.731919765472412,10.490957260131836,4.892970085144043,-8.880346298217773,-0.0961233377456665,6.956450939178467,-1.0441598892211914,-6.3847575187683105,-2.2878122329711914,-0.5917263031005859,-3.4376392364501953,-0.2307119369506836,-2.170797109603882,-3.045546531677246,1.1737017631530762,-1.8588272333145142,-0.8811584115028381,2.5557196140289307,13.703819274902344,1.8702571392059326,18.823972702026367,1.7452281713485718,-6.080379486083984,-4.26400089263916,-1.2810300588607788,-3.521927833557129,12.131856918334961,-0.1652897596359253,6.297387599945068,-3.1789650917053223,9.954533576965332,8.78477954864502,1.7169829607009888,0.6825858354568481,-3.871507406234741,-0.6809244155883789,-6.1177215576171875,-2.2164688110351562,8.628046989440918,-5.927141189575195,-1.070230484008789,-3.904491424560547,-1.1726980209350586,-1.2237350940704346,-4.021490097045898,16.720914840698242,6.48798131942749,3.706726312637329,6.852215766906738,18.98115348815918,-3.2667219638824463,1.8583110570907593,-6.612547397613525,-4.813726425170898,-6.802029609680176,3.5771985054016113,1.3744478225708008,-4.36041784286499,0.009411096572875977,9.598126411437988,1.725348949432373,8.830423355102539,-1.235726237297058,1.9199050664901733,-7.177128791809082,-7.952910900115967,-0.6878015995025635,0.06913536787033081,39.23948287963867,10.790657043457031,-3.5935754776000977,1.1759992837905884,-2.3730130195617676,-2.119947671890259,1.0437605381011963,1.3027489185333252,1.6993662118911743,1.4380743503570557,5.007035255432129,12.8757963180542,-9.022950172424316,6.514993667602539,-0.931766152381897,7.491852760314941,-9.213518142700195,-2.4032514095306396,6.011554718017578,5.451208114624023,4.065665245056152,8.976423263549805,-1.1341890096664429,15.84570598602295,-0.48074179887771606,0.6135690212249756,-7.6353440284729,-4.881951808929443,10.374306678771973,4.898320198059082,-1.428228497505188,9.76065731048584,-2.6011037826538086,3.9995291233062744,-4.421164512634277,6.221848011016846,5.754785060882568,2.7793984413146973,10.177136421203613,3.3298888206481934,9.718066215515137,9.992765426635742,-2.103966236114502,-1.4160830974578857,-3.5258142948150635,5.463766574859619,-0.47482264041900635,15.15672492980957,-0.3757486343383789,0.8330767154693604,-8.399145126342773,2.5466747283935547,-2.1586766242980957,-2.80258846282959,2.4389333724975586,4.030337333679199,1.3769052028656006,4.17800760269165,9.395614624023438,7.995967864990234,5.547653675079346,1.176868200302124,-6.957963943481445,1.742111086845398,-3.1203372478485107,16.815317153930664,-0.6975070238113403,-2.0509369373321533,11.211912155151367,-1.060500144958496,3.915721893310547,-3.503309726715088,-6.1629462242126465,3.8067710399627686,1.231467604637146,6.373673439025879,8.447647094726562,-3.424777030944824,-5.76946496963501,3.9125173091888428,6.186866760253906,1.7997045516967773,42.324501037597656,-3.7743382453918457,1.7272870540618896,-0.8064230680465698,-8.70571517944336,-2.852133274078369,-7.690238952636719,0.15393412113189697,-8.163908958435059,0.270127534866333,4.920607089996338,-1.0456347465515137,3.1034996509552,-2.193239450454712,3.359783172607422,1.2468864917755127,1.6026031970977783,0.3642702102661133,-1.48678719997406,22.373132705688477,4.28019905090332,-6.946505069732666,4.047966957092285,-4.6809186935424805,-3.1102051734924316,-4.664520263671875,0.0889972448348999,8.162519454956055,12.746352195739746,3.548616647720337,4.591644287109375,-2.304440498352051,8.84115982055664,10.146028518676758,11.312965393066406,1.9011635780334473,-3.46983003616333,-0.16607925295829773,14.301218032836914,-10.614065170288086,6.641829490661621,3.476752758026123,13.067895889282227,14.7627534866333,25.488037109375,9.87299919128418,5.482940673828125,-2.5550498962402344,0.8252156972885132,5.056235313415527,17.200292587280273,0.03250950574874878,14.602826118469238,-0.5167298316955566,0.4279007911682129,7.070027828216553,31.583667755126953,3.491182565689087,-3.354227066040039,11.926636695861816,6.756941318511963,