{"reward":{"_type":"histogram","values":[2,0,2,1,1,1,0,6,4,4,3,1,6,5,5,7,7,5,3,3,4,10,0,4,3,2,2,0,3,2,1,3],"bins":[-0.329840749502182,-0.07831454277038574,0.17321166396141052,0.4247378408908844,0.6762640476226807,0.9277902841567993,1.1793164014816284,1.430842638015747,1.6823688745498657,1.9338949918746948,2.1854214668273926,2.4369475841522217,2.688473701477051,2.940000057220459,3.191526174545288,3.4430525302886963,3.6945786476135254,3.9461050033569336,4.197630882263184,4.449157238006592,4.70068359375,4.95220947265625,5.203735828399658,5.455262184143066,5.706788063049316,5.958314418792725,6.209840774536133,6.461367130279541,6.712893009185791,6.964419364929199,7.215945720672607,7.467471599578857,7.718997955322266]},"_timestamp":1.739294030206589e+09,"_runtime":42.404646414,"_wandb":{"runtime":42},"_step":99,"averages_done":100,"episodes":{"values":[4,3,3,3,3,3,3,3,3,3,4,3,3,3,3,3,3,3,3,3,3,4,3,3,3,3,3,3,3,3,3,4],"bins":[5.5,36.4375,67.375,98.3125,129.25,160.1875,191.125,222.0625,253,283.9375,314.875,345.8125,376.75,407.6875,438.625,469.5625,500.5,531.4375,562.375,593.3125,624.25,655.1875,686.125,717.0625,748,778.9375,809.875,840.8125,871.75,902.6875,933.625,964.5625,995.5],"_type":"histogram"},"duration":{"_type":"histogram","values":[2,1,2,0,1,3,2,3,3,3,1,2,6,6,10,7,6,9,6,6,6,2,3,2,1,1,1,1,2,1,0,1],"bins":[13.2,13.534374999999999,13.868749999999999,14.203125,14.5375,14.871875,15.206249999999999,15.540624999999999,15.875,16.209374999999998,16.54375,16.878124999999997,17.2125,17.546875,17.881249999999998,18.215625,18.549999999999997,18.884375,19.21875,19.553124999999998,19.8875,20.221874999999997,20.55625,20.890625,21.224999999999998,21.559375,21.893749999999997,22.228125,22.5625,22.896874999999998,23.23125,23.565624999999997,23.9]}}