{"_wandb":{"runtime":48},"reward":-3.0093696117401123,"_timestamp":1.7392942887365365e+09,"_runtime":48.21683655,"_step":99}